"Data","Consolidato","Sottostima","Forte sottostima"
2022-07-29,3.09648834203796,0.951214606904946,0.792353266167751
